ResponseId,Q1,Q2,Q3,Q3_88_TEXT,Q4,Q4_88_TEXT,Q5,Q5_9_TEXT,Q6,Q7,Q8,Q9,Q10_PC,Q10_PHONE,Q10_INT,Q10_VID,Q11,Q12,Q13,Q14,Q14_88_TEXT,Q15,Q16,Q18,Q19,Q20
Response ID,"INFORMED CONSENT
We invite you to participate in a 10-minute survey about tutors' use of technology and perspectives on online versus in-person tutoring. Washington University in St. 
Louis and Oasis are working together to gather this information.





By completing the survey, you are consenting to participate in the 
study. If you feel uncomfortable about any questions, you may choose to 
not answer that question. There are no known risks from participating in
 this study. 





Your responses are anonymous, meaning we cannot identify you. Only 
members of the project team will have access to your responses. Participation in this survey is voluntary. All 
data collected as part of this study will be secured using password protected software and hardware.



You will not benefit from being in this study. However, we hope that, in the future, others might benefit from this study, because the results of this research can offer guidance to Oasis and similar organizations during these unprecedented times. There are no costs associated with participation.





We encourage you to ask questions. If you have questions for the research team, please contact Nancy Morrow-Howell (314-935-6762) or the Human Research Protection Office at 1-(800)-438-0445 or hrpo@wustl.edu.





If you have questions, concerns, or complaints about your rights as a 
research participant, please contact the Human Research Protection 
Office at 660 South Euclid Avenue, Campus Box 8089, St. Louis, MO 63110,
 (800)-438-0445 or email hrpo@wustl.edu.
General information about being a research participant can be found on the Human Research Protection Office web site, http://hrpo.wustl.edu.
 To offer input
about your experiences as a research participant or to speak to someone 
other than the research staff, call the Human Research Protection Office
 at the number above.





Thank you very much for your consideration of this research study.
By selecting ""I agree,"" you are consenting to the conditions above.",What is your age?,Please select the school district in which you last volunteered. - Selected Choice,Please select the school district in which you last volunteered. - Other - Text,What is your gender? - Selected Choice,What is your gender? - Other - Text,What is your ethnicity/race? (Please select all that apply.) - Selected Choice,What is your ethnicity/race? (Please select all that apply.) - Other - Text,What is your marital status?,What is the highest level of education you have completed?,What is your employment status?,What is your annual household income?,"If you have used any of the following devices or services at your own home, how easy or difficult have they been to use? - Desktop, laptop, or tablet computer","If you have used any of the following devices or services at your own home, how easy or difficult have they been to use? - Smartphone, such as iPhone or Android","If you have used any of the following devices or services at your own home, how easy or difficult have they been to use? - Internet","If you have used any of the following devices or services at your own home, how easy or difficult have they been to use? - Online video calls, such as Zoom or Skype","Is your Internet connection reliable (e.g., capable of watching videos smoothly; stable connection)?",What is your level of comfort when using the Internet?,"Would you be interested in trying online video calls, such as Zoom or Skype?",We are interested in why you do not use online video calls. Please select all that apply. - Selected Choice,We are interested in why you do not use online video calls. Please select all that apply. - Other reason: - Text,"If you have the opportunity to tutor children online or in-person, which would you prefer? (By online tutoring, we mean talking to children using technology such as Zoom or Skype.)","How likely would you be to
participate in an online tutoring program?","If tutoring in Fall 2020 has to be online because of recommended
limits on social contact during the coronavirus outbreak, the tutoring
experienceâ€¦","If tutoring in Fall 2020 is online, how concerned would you be about resources, equipment, and support from Oasis?","If tutoring in Fall 2020 is in-person and tutoring takes place inside schools, how concerned would you be given that COVID-19 may still be an issue?"
"{""ImportId"":""_recordId""}","{""ImportId"":""QID43""}","{""ImportId"":""QID1""}","{""ImportId"":""QID2""}","{""ImportId"":""QID2_5_TEXT""}","{""ImportId"":""QID4""}","{""ImportId"":""QID4_3_TEXT""}","{""ImportId"":""QID5""}","{""ImportId"":""QID5_9_TEXT""}","{""ImportId"":""QID6""}","{""ImportId"":""QID7""}","{""ImportId"":""QID8""}","{""ImportId"":""QID9""}","{""ImportId"":""QID39_1""}","{""ImportId"":""QID39_2""}","{""ImportId"":""QID39_3""}","{""ImportId"":""QID39_4""}","{""ImportId"":""QID20""}","{""ImportId"":""QID21""}","{""ImportId"":""QID26""}","{""ImportId"":""QID27""}","{""ImportId"":""QID27_8_TEXT""}","{""ImportId"":""QID31""}","{""ImportId"":""QID29""}","{""ImportId"":""QID32""}","{""ImportId"":""QID33""}","{""ImportId"":""QID40""}"
R_1ps9RVwaPTmWOGl,1,4,3,,2,,3,,2,5,3,3,3,2,88,4,,,,,,2,,,,
R_2OJTQ4S2yenFrdg,1,5,1,,1,,5,,2,4,1,5,1,1,1,2,1,4,,,,2,3,2,4,4
R_2aLm00gDJXN5W5r,1,4,1,,2,,5,,2,5,1,99,2,2,1,2,1,4,,,,99,3,2,2,5
R_10ViySPDZaHHIyg,1,4,6,,2,,5,,2,4,2,4,1,1,1,1,1,4,,,,3,4,3,1,1
R_1ODo9sgtmiRCCNj,1,2,4,,2,,5,,2,4,3,4,1,1,1,2,1,4,,,,2,2,2,5,4
R_2ClZTkuBuRzco8P,1,4,4,,1,,5,,2,5,1,99,1,2,1,3,1,3,,,,2,3,2,5,5
R_32Ly3NF5K29xJJj,1,4,6,,2,,5,,2,5,1,5,1,1,1,1,1,1,,,,2,3,2,1,2
R_snTLxEpIokJmlDb,1,4,4,,2,,5,,5,4,1,99,1,1,1,1,1,4,,,,2,3,2,1,3
R_R9sxVuooQRIK2fn,1,2,6,,2,,5,,2,5,1,5,1,1,1,3,1,3,,,,2,2,1,4,5
R_0rfamaHW3KWxmXT,1,2,1,,2,,4,,2,5,1,4,1,1,1,1,1,4,,,,3,4,3,1,4
R_CjMpbsqe4i4RljH,1,3,6,,2,,5,,2,5,1,5,1,1,1,2,1,4,,,,2,1,1,4,1
R_yxpwTgyNaiLZ7PP,1,2,4,,2,,5,,4,4,1,3,1,1,1,1,1,3,,,,2,3,2,2,1
R_cCNsXCqauQFsGBz,1,4,4,,2,,5,,2,2,1,4,1,1,1,88,1,4,1,88,Haven't had the need to use.,3,4,2,1,4
R_3FKElH5xOkrIYSg,1,4,7,,2,,5,,2,3,1,5,1,1,1,1,1,4,,,,2,3,2,4,1
R_2SGNT8MVj6C0zQa,1,4,4,,2,,5,,5,4,1,5,2,1,1,2,1,1,,,,2,3,2,2,3
R_2D1YouB5ann9Gjg,1,6,3,,2,,5,,5,5,1,3,1,3,1,1,1,3,,,,1,3,2,3,5
R_3Gke4h8j9lBrGBG,1,4,7,,2,,5,,2,4,1,99,1,2,1,2,1,3,,,,3,4,2,1,1
R_31g4UXgI5QsNSdo,1,2,4,,2,,5,,2,4,3,5,1,1,1,1,1,4,,,,3,4,2,2,4
R_eS4O5kICpnWM0Rr,1,2,88,Northwest Jefferson County,2,,5,,2,3,1,4,1,1,1,1,1,4,,,,3,4,2,1,1
R_12lKotrLxnLvirp,1,2,7,,2,,5,,2,5,1,5,1,1,1,3,1,3,,,,2,2,2,1,2
R_1QKiqqT0cWUs68O,1,3,6,,1,,5,,1,5,1,99,1,88,1,1,1,1,,,,2,99,99,1,4
R_2V25b8gIiu3ehhb,1,3,6,,2,,5,,2,4,1,99,2,2,2,88,1,3,99,7,,2,3,2,1,2
R_1C2BKTsWldGbYkb,1,3,7,,2,,5,,2,5,1,4,1,1,1,2,1,4,,,,2,4,2,1,5
R_WdsxQ3UmXLCoURX,1,2,7,,2,,5,,2,4,3,5,1,1,1,1,1,4,,,,2,99,2,3,3
R_2QuEcawSvQHbyHV,1,3,7,,2,,5,,2,5,1,5,2,2,2,1,1,4,,,,1,4,2,1,5
R_ufCEdr9dnwuf0bv,1,3,7,,2,,5,,2,4,1,3,1,1,1,2,1,1,,,,2,4,2,2,4
R_3Ego5rCsVxAVuAs,1,4,1,,2,,5,,2,4,1,99,1,1,1,2,1,4,,,,1,4,2,3,5
R_2rUEn7U3dmKuEjl,1,3,4,,2,,5,,4,4,3,3,2,2,2,2,1,3,,,,2,2,1,5,2
R_xiw6Ed5xa0kvurD,1,3,7,,2,,5,,2,3,1,5,1,1,1,88,1,4,1,88,haven't had the opportunity,2,3,2,2,4
R_27f0Nb8aId8OBjJ,1,3,1,,2,,5,,2,4,1,5,1,1,1,2,1,4,,,,2,3,2,3,4
R_effgNHtKHZGDnzj,1,3,7,,2,,5,,1,5,1,3,1,1,1,1,1,4,,,,3,3,2,4,5
R_2cvZFfEe9Sfqplt,1,3,3,,2,,5,,2,5,1,5,1,1,1,3,1,3,,,,1,4,2,99,5
R_2TI9SfDaPw9ZBzb,1,4,7,,2,,5,,2,4,1,99,2,2,1,2,1,1,,,,2,3,2,1,4
R_1isO7uFGqj0AOHu,1,4,7,,2,,5,,2,3,1,99,1,1,1,88,1,1,0,7,,2,1,99,99,2
R_2OJSm6uC1GW82LX,1,3,7,,2,,5,,2,2,1,5,3,2,2,3,1,3,,,,2,3,99,3,3
R_1ogREfJ4FF7tQMv,1,4,3,,2,,5,,4,5,1,4,1,1,1,3,1,3,,,,2,2,2,4,4
R_da4RkU92wuTaA6d,1,3,6,,2,,5,,2,3,1,99,2,2,2,2,1,3,,,,2,3,2,5,3
R_2UgvGYR6jduDEsf,1,3,6,,2,,5,,2,4,1,5,1,1,1,2,1,1,,,,2,3,2,2,4
R_3Ny4ZQi1nqxKNGz,1,3,3,,1,,5,,2,4,1,99,1,1,1,1,1,1,,,,2,3,2,1,2
R_2tclyaxCrpiki6x,1,1,7,,2,,5,,2,3,1,99,1,1,1,1,1,1,,,,2,3,2,1,2
R_1g5vtiGyDivk8Pm,1,3,7,,2,,5,,5,4,1,3,2,1,1,1,1,4,,,,2,3,2,1,3
R_3h9kpRJr0MIujoS,1,3,7,,1,,5,,2,5,3,5,2,2,2,2,1,1,,,,2,2,2,4,5
R_DjHLZG1QQ7hjcrv,1,3,7,,2,,9,Caucasian,2,4,1,5,2,2,2,2,1,3,,,,2,2,2,1,3
R_2PsWDMygvVD4ywg,1,3,3,,2,,4,,1,5,1,4,2,2,2,2,1,3,,,,2,3,2,4,3
R_XIc7k0p2HZObLs5,1,3,7,,2,,5,,2,4,1,5,1,1,1,1,1,4,,,,1,3,2,2,4
R_3EEWCFXEHCq7vmo,1,3,4,,2,,5,,2,4,1,4,1,1,1,1,1,1,,,,3,3,2,5,5
R_QcyYb1X7tkzdcxX,1,4,4,,2,,5,,4,5,1,3,3,2,3,3,1,2,,,,2,2,2,5,3
R_1HqrjXSWSFB2dKC,1,4,4,,2,,5,,5,4,1,4,1,1,1,3,1,4,,,,2,2,2,2,5
R_24MgYnXU558Tdzx,1,3,4,,2,,5,,2,4,1,99,1,1,1,1,1,1,,,,2,4,2,4,5
R_Xhuy2cZT0rpuq1b,1,2,7,,2,,5,,2,4,3,5,1,1,1,2,1,1,,,,99,99,1,1,5
R_XO2tewkIWVzLRzb,1,3,3,,2,,5,,2,5,1,5,2,2,2,2,1,3,,,,2,4,2,1,3
R_3kcw0cK3u0SvTMO,1,4,6,,2,,5,,1,5,3,99,1,1,1,1,1,4,,,,3,4,2,3,4
R_2qeiEk745KkZV5s,1,3,7,,1,,5,,2,3,1,4,2,88,2,88,1,3,0,88,,2,2,2,5,3
R_1hGwvPNIoNIrCza,1,99,5,,2,,5,,99,4,99,99,1,99,99,2,,,,,,1,4,3,1,5
R_3htDjbLPs8kMz48,1,4,7,,2,,5,,2,5,1,5,2,1,2,2,1,3,,,,2,3,2,4,3
R_24e27N3Oq9B5kqQ,1,3,4,,2,,5,,2,3,1,4,1,2,1,2,1,4,,,,2,4,2,1,3
R_10PB1W3ZRGcPj9d,1,3,1,,2,,5,,2,5,1,99,1,1,1,1,1,1,,,,2,3,2,1,5
R_3Hqxmu1Jzjtiyca,1,3,3,,2,,5,,2,5,1,5,2,2,2,2,1,3,,,,1,4,2,2,5
R_3OtesGmMdr6m0N3,1,4,1,,2,,5,,4,5,1,3,2,2,2,2,1,3,,,,3,4,2,4,4
R_3kmGHzp46omkoeH,1,4,6,,2,,5,,5,4,1,4,1,2,1,3,1,4,,,,99,2,2,5,5
R_3hnZABn2tCd4PVX,1,4,1,,2,,5,,2,5,1,5,2,2,2,2,1,4,,,,2,3,2,5,4
R_OefpoiyNpsKFKg1,1,3,4,,2,,5,,2,5,1,4,2,2,2,2,1,4,,,,3,4,2,1,4
R_3MijY050FzSQ1bP,1,4,7,,1,,5,,2,4,1,99,1,2,1,88,1,3,1,"4,88",My computer does not have a camera.,2,2,2,5,2
R_2Y34gQ4Bx4iKnXc,1,4,3,,2,,4,,2,5,1,5,2,2,2,2,1,3,,,,2,3,2,1,5
R_2ClTAtvNrGyaJd9,1,2,7,,2,,5,,2,4,1,5,2,2,2,2,1,1,,,,3,4,2,1,5
R_vvKE71ki5RjNgkh,1,4,4,,2,,5,,5,3,1,3,2,2,2,2,1,3,,,,2,3,2,1,2
R_1CaoUTLxEjG340R,1,4,4,,2,,5,,2,2,1,99,1,1,1,2,1,4,,,,2,1,2,1,1
R_pMk5qYyWT4DBozf,1,3,6,,2,,5,,2,3,1,3,2,88,2,2,1,3,,,,2,2,99,99,3
R_28IBiFVirvp3lqu,1,3,6,,2,,5,,2,3,1,5,2,2,2,2,1,3,,,,3,3,2,2,5
R_1OEahRxvfnK2r0D,1,3,7,,2,,5,,2,3,1,99,2,2,2,2,1,4,,,,2,3,99,2,2
R_3gTxY6lR93Hk3v7,1,4,7,,1,,5,,1,5,1,99,2,1,2,3,1,3,,,,2,2,2,1,5
R_22Ff7IblyNYB4Cw,1,4,7,,2,,5,,5,4,1,4,2,2,1,2,1,4,,,,3,3,2,1,4
R_DN2DkPGipQ8NGxj,1,3,6,,1,,5,,2,4,1,99,2,2,2,2,1,3,,,,2,3,2,1,3
R_3JDXzSeOFfncGNw,1,4,4,,2,,5,,2,4,1,5,1,1,1,3,1,4,,,,2,2,2,3,4
R_3qlFFKAeKEi6jgM,1,4,4,,2,,5,,2,5,1,5,2,2,2,3,1,3,,,,2,2,99,99,2
R_6hrN9HGrTqN2OYx,1,4,3,,2,,5,,2,5,1,5,2,88,1,2,1,3,,,,2,2,99,5,4
R_2Vejp0of9N7aZ7I,1,1,4,,2,,5,,2,4,1,5,1,1,1,2,1,1,,,,2,3,2,2,3
R_2S1r98sKbkChpDn,1,5,7,,2,,5,,5,3,99,3,2,88,2,88,1,2,0,5,,2,2,99,99,4
R_1GwgqYsOYbzFVrf,1,4,6,,2,,5,,5,3,1,99,1,1,1,2,99,3,,,,2,2,2,2,2
R_2dAqwfUOakHkZ95,1,4,3,,2,,4,,2,5,1,99,1,1,1,1,1,1,,,,99,4,2,1,5
R_paZL9CzYbNOzrTb,1,3,6,,1,,5,,2,4,1,5,1,88,1,2,1,3,,,,2,3,2,2,4
R_djxZMfejTvWzK3n,1,4,1,,2,,5,,4,4,1,3,2,2,2,2,1,3,,,,2,3,2,5,2
R_XInAc9WYInnahZD,1,4,1,,2,,5,,5,4,1,5,1,1,1,1,1,3,,,,1,4,2,2,5
R_1C1SNboVFpGGOjU,1,3,3,,2,,5,,2,5,1,5,1,1,1,1,0,4,,,,2,1,1,4,5
R_QoYTVlKNrYSq0O5,1,4,7,,2,,5,,2,4,1,99,2,1,1,2,99,3,,,,2,2,2,1,5
R_pn3rGWrQjr1AOul,1,3,3,,2,,5,,2,5,1,99,2,2,2,2,1,3,,,,3,3,2,4,5
R_31mfcdYmhaAOwqe,1,3,4,,1,,5,,2,4,1,99,1,1,1,2,1,4,,,,2,2,1,1,1
R_1k2hJqW9fJ15fHO,1,4,4,,1,,5,,2,4,1,4,1,88,1,2,1,4,,,,2,3,2,1,3
R_1PZ8lJgtbjmjPqZ,1,4,7,,2,,5,,2,3,1,4,2,2,2,2,1,3,,,,1,2,99,99,5
R_ZyKkkkNejEFcxgt,1,5,1,,2,,"5,6",,1,4,1,3,2,2,2,2,1,3,,,,3,4,2,3,4
R_31vzLiWeSzfjzKU,1,3,5,,2,,5,,2,4,1,3,2,3,2,3,99,3,,,,2,99,99,99,5
R_31pDNbrZBdWgv2N,1,4,1,,2,,99,,2,5,1,99,2,2,2,2,1,3,,,,2,4,2,99,5
R_2b1nF4Iq7ZViGkr,1,3,5,,1,,5,,2,4,1,5,1,1,1,1,1,4,,,,2,3,99,3,1
R_2thCltt66kEnHZ5,1,3,1,,2,,5,,2,5,1,5,1,1,1,1,1,4,,,,2,3,2,3,3
R_3Oko4jsGLfOmAjV,1,4,7,,2,,5,,2,3,1,4,3,3,2,3,1,3,,,,2,3,2,2,2
R_7UQww0ZwM0HnqkV,1,4,5,,1,,5,,2,3,1,4,2,88,2,2,1,3,,,,2,3,2,2,2
R_3PM6oPnpLZRRRfT,1,3,6,,2,,5,,2,5,3,99,1,1,1,1,1,4,,,,2,3,2,2,3
R_2tJtVpNmLfNqUtV,1,4,4,,2,,5,,2,4,1,4,1,1,1,1,1,1,,,,2,2,2,5,5
R_9nRaEWObJw7cPEB,1,3,5,,2,,5,,2,5,1,5,2,2,2,2,0,1,,,,2,1,1,1,2
R_1n0eBRCfkhdWiuO,1,3,7,,2,,5,,2,2,1,3,2,2,2,2,1,3,,,,2,3,2,4,2
R_2PaICqx1LNgMSjB,1,3,2,,1,,4,,4,4,1,5,2,2,2,2,1,3,,,,2,3,2,3,3
R_d5xDv16wYxJCmrf,1,3,7,,2,,5,,5,4,3,4,1,1,1,2,1,4,,,,2,2,2,2,2
R_CeNn3XmaPeY1wGd,1,2,6,,2,,5,,2,4,3,5,2,2,2,2,1,3,,,,2,3,2,3,4
R_3oFtWliKE6jooI3,1,4,7,,2,,5,,2,5,1,5,2,2,2,2,1,3,,,,2,3,2,2,3
R_2VxsJjYeeLeX2Wo,1,4,3,,2,,5,,2,5,1,99,1,1,1,2,1,4,,,,2,3,2,2,2
R_2dnp3T98WneP1Iv,1,3,7,,2,,5,,2,2,1,99,1,1,1,2,1,3,,,,2,2,99,2,4
R_1LpoLxWJT2kLeAI,1,2,4,,2,,4,,2,3,4,3,2,2,2,88,99,3,0,7,,2,99,2,99,5
R_1Tfs9hzNUtYuwKt,1,2,6,,2,,5,,2,4,3,99,2,2,2,88,1,3,99,4,,2,3,2,3,2
R_1FncL0FzQIhrPht,1,3,7,,2,,5,,2,5,1,5,1,1,1,1,1,1,,,,2,3,2,2,3
R_3Pbi0w09quE3wOZ,1,2,1,,2,,5,,2,4,1,5,1,1,1,1,1,3,,,,2,3,2,5,5
R_1nYZCSwrJrE95OZ,1,4,6,,2,,5,,5,5,1,4,1,2,1,2,1,3,,,,2,2,2,1,2
R_26a84x8ni0YZTev,1,4,3,,2,,5,,2,5,1,99,2,2,2,2,1,2,,,,2,3,2,99,5
R_3JfsfbkiE1QVX5E,1,3,2,,2,,4,,4,4,1,2,2,2,2,2,1,3,,,,2,3,2,4,5
R_qXu0ojWM9KVXeoN,1,4,3,,2,,5,,2,5,1,5,1,1,1,1,1,1,,,,3,3,2,2,5
R_3fpKCThBCY3Wd2i,1,3,6,,1,,5,,2,5,1,5,2,2,2,99,1,1,,,,2,1,1,1,4
R_vZk9pdWOd1NEW2t,1,3,3,,2,,4,,1,5,1,4,2,2,2,2,1,4,,,,2,2,2,3,1
R_3fqHkywtjEgOF1g,1,2,6,,2,,5,,2,4,1,99,2,2,2,88,1,3,0,7,,2,2,99,1,3
R_73ZAuKZqnHzSi9r,1,4,7,,2,,5,,2,3,1,5,2,1,1,2,1,3,,,,2,4,2,3,3
R_1mJyzKllFiM2SDi,1,4,6,,1,,5,,2,5,1,5,88,2,2,2,1,4,,,,2,4,2,2,3
R_sip9WkXsAGR24md,1,3,7,,2,,5,,2,4,1,4,1,1,1,2,1,3,,,,2,2,2,1,2
R_4GuvfLSwGyYtmkF,1,4,4,,2,,5,,2,4,1,4,2,2,2,2,1,4,,,,3,3,2,1,3
R_3D8swjGQKG0RZYY,1,4,6,,2,,5,,1,3,1,3,1,1,1,2,1,1,,,,3,4,3,2,2
R_r3fIHKylELzt0LD,1,4,6,,2,,5,,1,4,1,99,2,1,2,2,1,3,,,,2,2,2,2,2
R_e3xBixrPNZlac0x,1,4,3,,1,,5,,2,4,1,99,2,2,2,3,1,4,,,,2,3,2,2,3
R_1hX95c7GVxvVwjf,1,4,7,,2,,5,,2,5,1,99,2,1,2,2,1,4,,,,2,2,2,2,3
R_3OkTVrSIfpursrG,1,4,1,,2,,5,,2,5,1,5,2,88,2,2,1,3,,,,2,3,2,3,3
R_3ilLABsDNJKYWvF,1,3,6,,2,,5,,2,5,1,5,1,1,1,88,1,1,0,7,,2,1,2,5,4
R_2YIY54vWRUcqRcG,1,1,7,,1,,5,,2,4,1,99,1,1,1,1,1,1,,,,2,1,1,1,5
R_3kEYXLGloL8m655,1,5,3,,2,,5,,5,4,1,4,2,2,2,2,1,3,,,,2,3,2,3,3
R_2E5yzlIZl3fRfn3,1,3,1,,2,,5,,2,5,1,5,1,1,1,1,1,4,,,,3,3,2,2,4
R_28OFkQopFxWs3pg,1,2,7,,2,,5,,2,4,1,99,1,1,1,1,1,1,,,,2,3,2,5,4
R_2QDwHpyPkk7PVdI,1,3,7,,1,,5,,2,4,1,5,1,1,1,1,1,4,,,,2,4,2,4,4
R_2EbCI1V7qs1uVAk,1,4,7,,2,,5,,5,2,1,4,2,2,2,3,1,2,,,,2,2,1,2,2
R_11cqcoZ0opdm2zN,1,3,4,,2,,5,,2,3,1,99,1,1,1,1,1,1,,,,3,4,2,1,4
R_2f2vN0q8xQG8sEN,1,3,7,,2,,5,,2,4,1,5,2,2,2,2,1,4,,,,1,3,2,3,5
R_3fZVk8V9IKCCFjG,1,4,4,,2,,5,,2,5,1,99,1,2,2,2,1,3,,,,2,2,99,99,2
R_10GhRl2nQTJqm8t,1,4,4,,2,,5,,2,3,1,99,1,1,1,1,1,1,,,,2,2,99,99,3
R_9XB2yqX3b7E8Ukp,1,5,7,,1,,5,,2,5,1,3,1,1,1,88,1,1,1,7,,2,4,99,3,99
R_1i3CBd661rwoW9q,1,3,4,,2,,5,,2,3,1,5,1,1,1,1,1,4,,,,3,3,2,2,3
R_2scY4G2rcwrCaSZ,1,3,6,,2,,5,,2,5,1,5,1,1,1,2,1,4,,,,2,2,2,3,2
R_3Oiv9gRnsoHMnDZ,1,4,4,,2,,5,,5,3,1,4,1,1,1,88,1,3,1,"7,88",Don't have a need for it,2,3,2,1,3
R_29nv7lto7HUwJYQ,1,4,88,Oasis Institute Training,2,,5,,1,5,3,5,1,1,1,1,1,1,,,,2,4,2,1,3
R_10UkYTMZY4dWJ53,1,4,3,,2,,5,,99,4,1,99,2,88,2,3,0,99,,,,2,99,2,5,99
R_1jTzMaYfn2OFMhm,1,3,7,,2,,5,,2,4,3,5,2,2,2,88,1,3,1,88,no need,3,3,2,4,3
R_u87rtAxgT37aRJT,1,4,6,,2,,5,,2,5,1,99,1,2,1,2,1,4,,,,3,4,2,3,5
R_3lQa2UnaaJxyh9n,1,3,6,,1,,5,,2,4,1,4,2,2,2,2,1,3,,,,2,3,2,5,4
R_W3AvuN1dgQgNhMl,1,3,6,,1,,5,,4,4,4,4,2,88,2,88,1,3,0,5,,2,2,1,5,2
R_3hmD3edbuGk2n1o,1,4,7,,2,,5,,4,4,1,99,2,3,99,2,,,,,,2,2,99,3,99
R_3itesNGgslOILzY,1,4,1,,2,,5,,2,4,1,99,2,1,2,2,1,4,,,,2,1,2,4,1
R_x3ZI5uPVrNP0Mi5,1,4,7,,1,,5,,2,3,1,5,1,2,1,2,1,3,,,,2,1,1,5,1
R_2zuy146zgeVSFTl,1,4,7,,2,,5,,2,5,1,99,1,1,1,88,1,1,1,7,,2,2,99,99,1
R_2qjD5LzbaeXeTrU,1,5,6,,2,,5,,5,3,1,99,4,88,2,88,1,2,0,"3,5",,2,1,2,5,3
R_udA4n0g6JuPXcPf,1,5,6,,2,,5,,5,3,1,99,4,88,2,88,1,2,0,"3,5",,2,1,2,5,3
R_2YYqU7t5Ar9afzF,1,3,5,,2,,5,,2,3,1,5,1,1,1,2,1,3,,,,3,3,1,4,4
R_3CUknVsiDdguHbB,1,3,7,,2,,1,,2,4,1,99,2,2,2,3,1,3,,,,2,3,3,1,3
R_3HwfhPW0oYFNzy0,1,4,3,,2,,5,,5,2,1,3,1,1,1,1,1,3,,,,2,2,1,2,2
R_xrb54tWAax7BlD3,1,4,6,,2,,5,,5,4,1,4,1,1,1,1,1,1,,,,2,1,99,99,5
R_3Eu9xr4qc29o1PU,1,3,6,,2,,5,,2,4,1,5,2,2,2,2,1,3,,,,2,2,99,3,5
R_qFqMPpK2nLhuFs5,1,4,7,,1,,5,,2,4,1,4,2,2,1,2,1,3,,,,3,4,2,1,5
R_1zcDvxcv3h2ypod,1,1,2,,2,,4,,4,5,4,5,1,1,1,2,1,3,,,,3,4,2,2,3
R_3L29ALrUdkfGfxW,1,4,4,,2,,99,,99,3,1,4,99,3,2,3,1,3,,,,2,99,2,4,5
R_2ByxC0wcIQkG4DI,1,4,6,,2,,5,,5,4,1,3,2,1,1,3,1,3,,,,2,2,2,3,3
R_10uOeRCDkv94MI1,1,4,6,,2,,5,,2,5,1,5,1,1,1,1,1,3,,,,2,2,1,4,1
R_2ZDD8JbWrNmv6ph,1,3,7,,2,,5,,2,5,1,5,1,2,2,2,1,3,,,,2,99,99,99,99
R_3dFbeQ3tUhGl1vf,1,4,88,Parkway,2,,5,,5,3,1,99,88,88,88,88,,,0,88,Invalid,99,99,99,99,99
R_1P7eoEQxnCrRsuc,1,4,7,,2,,5,,2,4,1,4,2,2,2,88,1,2,0,7,,2,1,2,2,3
R_1ocD6dqbmsPLwGp,1,1,7,,2,,5,,1,5,4,5,1,1,3,2,1,4,,,,,,,,
R_SVFgTPQkWtXaOPf,1,,,,,,,,,,,,,,,,,,,,,,,,,
R_2rjgXrjO7nBOoBM,1,3,6,,2,,5,,2,4,1,99,2,2,2,3,0,2,,,,2,1,1,5,5
R_2dgLpErpxqZJmU4,1,3,6,,2,,5,,2,4,1,5,1,2,2,2,1,3,,,,2,1,2,4,3
R_cZy4uXeKHizGqQh,1,3,5,,2,,5,,2,2,1,2,2,2,2,88,1,3,0,7,,2,3,2,3,4
R_XWZulBTr3lEvAbf,1,4,7,,2,,5,,2,2,1,5,1,1,1,1,1,3,,,,2,3,2,1,2
R_3m9ayx20F0D9FsF,1,4,99,,2,,5,,2,5,1,5,1,1,1,1,1,3,,,,3,3,2,1,5
R_5hzjSRStZLvuB8d,1,4,7,,1,,5,,2,4,1,5,3,3,3,88,1,2,1,3,,2,2,2,2,4
R_210p0ShF6XZ7mu0,1,4,1,,1,,5,,2,5,1,5,1,1,1,1,1,4,,,,2,4,2,1,3
R_WvNuRcdhykGT7Vv,1,3,1,,2,,5,,2,4,1,99,2,2,2,2,1,3,,,,3,4,2,2,5
R_R4zUdFezF6yY9xf,1,4,4,,2,,5,,5,4,1,99,1,1,1,1,1,4,,,,99,2,99,99,5
R_1CqobLW0JVhDARz,1,5,6,,2,,5,,5,2,1,3,1,1,1,2,1,1,,,,1,4,2,4,5
R_2BmnG94i97ZYcEM,1,2,1,,2,,4,,2,5,1,4,2,2,2,2,1,4,,,,3,4,3,1,4
R_3n72FlsoudiUupD,1,3,7,,2,,5,,5,5,1,5,1,1,1,2,1,1,,,,2,4,2,1,99
R_1jZbE0X8QVW5x1c,1,4,3,,1,,5,,2,4,1,4,2,2,2,2,1,3,,,,2,2,2,4,2
R_3HTEKnXX9CbLMJn,1,3,7,,2,,5,,2,5,1,99,1,1,1,2,1,1,,,,2,4,2,1,4
R_3s7CnhSv13RCyRf,1,4,6,,2,,5,,2,5,1,5,1,1,1,1,1,4,,,,2,1,1,1,3
R_2V8yJbsqUDdaeYW,1,5,1,,1,,5,,2,4,1,5,1,2,1,2,1,4,,,,2,3,2,3,4
R_5vBn9MtY0c7s5dD,1,5,1,,2,,5,,2,5,1,5,2,1,1,1,1,3,,,,2,4,2,2,4
R_wNnnyPWK1tJa0SZ,1,4,7,,2,,5,,2,5,1,99,1,1,1,2,1,3,,,,3,4,2,1,4
R_2Rb0eiPYc1fH7kl,1,4,6,,1,,5,,2,5,3,4,1,1,1,3,1,4,,,,2,2,2,3,3
R_8cdTcuN9aJm82c1,1,1,6,,2,,5,,2,3,1,99,1,2,2,2,1,3,,,,2,3,2,2,5
R_3iszMeTuq8DbPy2,1,4,4,,2,,5,,2,2,1,99,1,1,1,88,1,4,1,88,Haven't had the opportunity ,2,3,2,1,5
R_3nkfejQxk48p6fM,1,3,2,,2,,4,,4,4,1,2,2,2,2,2,99,3,,,,2,3,2,2,5
R_2SIhEbNCUwfJOdI,1,2,1,,2,,5,,2,4,1,99,3,1,2,3,1,3,,,,2,3,2,2,2
R_2EtrstZrIOyyL7T,1,4,4,,2,,5,,2,2,1,99,1,1,1,88,1,3,0,7,,2,1,2,1,1
R_p3mNfMP0NZy0Pg5,1,2,4,,2,,5,,2,4,3,5,1,1,1,1,1,4,,,,3,4,2,2,3
R_1OP7UXNBGI4visJ,1,4,4,,2,,5,,5,5,1,99,3,3,3,3,0,3,,,,2,4,2,2,99
R_2YRlYeVCujtwes5,1,2,3,,2,,5,,2,4,1,5,1,2,1,2,1,3,,,,3,3,2,4,4
R_O36EYHq6O7Cq78R,1,4,6,,2,,5,,1,5,1,4,1,1,1,2,1,4,,,,2,1,1,3,3
R_10AEBZyIzKKgX5w,1,4,7,,1,,5,,2,4,1,99,2,2,2,88,1,3,1,7,,2,2,1,5,2
R_3sodnThvfGyJ5ye,1,4,1,,2,,5,,2,5,1,5,1,1,1,1,1,1,,,,2,4,2,2,4
R_23em7BPjI3Rk48R,1,4,7,,1,,5,,2,5,1,99,2,2,2,2,1,3,,,,2,2,2,3,5
R_Rqq7TVIJlVpJrlD,1,4,4,,2,,5,,2,3,1,5,1,1,1,1,1,4,,,,3,2,2,1,3
R_3Etkoy40MSvpGtO,1,4,3,,2,,5,,2,5,1,4,2,2,2,2,1,3,,,,2,3,99,4,5
R_3ikImf8H0gHVV0R,1,1,4,,2,,5,,4,4,4,3,1,1,1,1,1,4,,,,3,4,3,1,3
R_3HLViNuD0Hw7L1I,1,4,7,,2,,5,,1,2,1,99,99,99,99,99,,,,,,2,99,2,99,5
R_3DcCNF7jMiB8NOo,1,4,6,,2,,5,,2,5,1,99,2,2,2,2,1,3,,,,2,3,2,3,3
R_2QxGMKDK0ajJITx,1,4,4,,2,,5,,2,4,1,99,2,99,2,88,1,3,0,"2,3,4,5,7",,2,1,2,2,4
R_1ohHUmnrESxIKRV,1,2,6,,2,,5,,2,4,3,99,1,1,1,2,1,1,,,,2,3,2,1,5
R_XTDR9YqLRtSt4Ep,1,4,6,,1,,5,,2,5,3,5,1,1,1,88,1,4,0,7,,2,2,1,1,3
R_11ZnNh21p30GWr8,1,4,6,,2,,5,,5,4,1,2,88,88,88,88,,,99,99,,99,1,99,99,4
R_3etcAByfeOhHI3b,1,4,4,,2,,5,,2,5,1,5,1,1,1,1,1,1,,,,2,3,2,2,2
R_3s6ainbACsoHLig,1,3,7,,2,,5,,2,4,1,99,1,2,1,1,1,3,,,,3,4,2,1,4
R_3G7A4amfUSlUspv,1,5,7,,2,,5,,2,2,1,3,3,88,3,3,1,3,,,,2,2,2,3,5
R_2f9gHTHvSxjSDW6,1,1,1,,2,,5,,2,4,1,5,1,1,1,1,1,4,,,,,,,,
R_XYCfhS82dJZsWkx,1,4,4,,2,,"5,9",White Latina,2,3,1,4,2,2,1,1,1,4,,,,2,3,2,3,2
R_2q9RntjV9tUWrve,1,4,7,,2,,5,,5,4,1,4,2,2,2,2,1,3,,,,3,3,2,1,3
R_1Pemc99GEaVnTHD,1,4,7,,2,,1,,2,3,1,99,2,2,2,2,1,3,,,,3,3,3,2,5
R_1gc4sEpVIrTy58T,1,4,5,,2,,5,,2,5,1,3,3,2,2,3,1,2,,,,3,3,2,2,5
R_UlMtby80KubY5nX,1,2,4,,2,,5,,2,5,1,99,2,2,2,2,1,3,,,,2,1,99,2,5
R_3DckGi0qGa4PZpQ,1,,,,,,,,,,,,,,,,,,,,,,,,,
R_8qXDzRgX1WSZqtb,1,3,6,,2,,5,,2,5,1,99,2,2,2,2,1,4,,,,2,2,2,1,4
R_322WYTHM9yP6XpR,1,3,6,,2,,5,,2,4,1,99,1,1,1,2,1,3,,,,2,2,2,3,5
R_8qUjZOeiXuHQ35v,1,3,3,,2,,5,,2,5,1,5,1,2,1,88,1,1,1,5,,1,4,2,3,5
R_338t9eBmXOHpAxV,1,4,4,,2,,5,,2,3,1,99,2,2,2,88,99,3,0,7,,2,1,1,99,4
R_1Cg35i5QkdRz2qO,1,3,7,,2,,5,,2,5,1,5,1,1,1,2,1,4,,,,2,4,2,1,2
R_xc4Acl4mPnVXimZ,1,5,4,,2,,5,,5,2,1,99,88,88,88,99,,,,,,99,1,99,99,5
R_3ff3OMH1cOEuXZ8,1,3,6,,2,,5,,2,3,1,99,2,2,2,2,1,3,,,,2,99,2,3,3
R_3e5nplz0luShmMg,1,5,5,,1,,5,,5,2,1,2,3,2,3,88,0,1,0,99,,2,1,1,99,1
R_DvCD7s5xHPy3CRr,1,4,7,,2,,5,,2,4,1,4,2,2,2,88,1,3,1,99,,2,2,2,3,2
R_1HdFs2yrBYEWwiN,1,3,4,,1,,5,,99,3,1,1,3,88,3,88,1,2,1,88,Don't know how to use,3,3,2,2,3
R_2SIvTU8ZVH12X8k,1,3,5,,2,,5,,2,3,1,3,2,3,2,3,1,2,,,,,,,,
R_2SiSzJOV6RJV785,1,5,1,,2,,"5,6",,1,4,1,3,2,2,2,2,1,3,,,,2,3,2,2,2
R_3L1OvNXNFqCbJjL,1,4,4,,2,,5,,5,3,1,3,2,2,2,3,1,3,,,,2,3,2,2,5
R_2asDdgJ0IQi9XIO,1,4,7,,2,,5,,2,3,1,4,2,2,2,2,1,3,,,,2,2,2,3,4
R_3EuvWRo7XIEZRvl,1,,,,,,,,,,,,,,,,,,,,,,,,,
R_3qkYKhMgSZ4NLkA,1,,,,,,,,,,,,,,,,,,,,,,,,,
R_2pYLNVLF0JX4Bj4,1,4,3,,1,,5,,2,4,1,99,,,,,,,,,,,,,,
R_233MnGmBEC8VH62,1,4,3,,2,,5,,2,4,1,99,1,2,2,2,1,3,,,,1,4,2,3,5
R_3e5o1MCtOWLHaH3,1,4,7,,1,,5,,2,4,1,5,2,3,2,3,1,3,,,,2,3,2,2,1
R_2aUN6RFaFY0ZxRd,1,2,6,,2,,5,,99,4,99,99,88,88,99,88,,,0,5,,2,2,2,3,2
